vidID,clip_num,personID,passive_weight,arms_to_upper_body,sink,head_drop,jump,rhythmicity,spread,free_flow,light_weight,up_or_rise,rotation,emotion
003/_7oWZq_s_Sk.mp4/0014.mp4,0014_0149_0003,0,1,0,1,1,0,0,0,1,0,0,0,sad
003/_7oWZq_s_Sk.mp4/0258.mp4,0258_0134_0007,1,0,0,0,0,0,2,0,0,1,2,0,happy
003/_7oWZq_s_Sk.mp4/0523.mp4,0523_0199_0004,1,0,0,0,1,0,1,0,0,0,1,0,neutral
003/_7oWZq_s_Sk.mp4/0616.mp4,0616_0254_0001,0,1,0,1,1,0,0,0,0,0,0,0,sad
003/053oq2xB3oU.mp4/0062.mp4,0062_0241_0001,0,1,0,1,3,0,1,0,0,0,0,0,sad
003/2PpxiG0WU18.mp4/0115.mp4,0115_0232_0002,0,2,0,0,0,0,1,0,0,0,0,0,sad
003/2PpxiG0WU18.mp4/0117.mp4,0117_0252_0002,0,0,0,1,1,0,2,0,0,0,0,0,sad
003/2PpxiG0WU18.mp4/0239.mp4,0239_0201_0001,0,1,0,1,1,0,0,0,0,0,1,0,sad
003/2qQs3Y9OJX0.mp4/0117.mp4,0117_0218_0002,1,0,0,1,1,0,1,0,0,0,1,0,sad
003/2qQs3Y9OJX0.mp4/0257.mp4,0257_0129_0001,0,0,0,2,1,0,0,0,0,0,0,0,sad
003/2qQs3Y9OJX0.mp4/0543.mp4,0543_0207_0001,0,0,0,2,2,0,0,0,0,0,1,0,sad
003/32HR3MnDZ8g.mp4/0132.mp4,0132_0152_0002,1,0,0,0,1,0,1,0,0,0,0,0,sad
003/32HR3MnDZ8g.mp4/0415.mp4,0415_0147_0001,0,0,0,0,1,0,1,0,0,0,0,0,sad
003/32HR3MnDZ8g.mp4/0471.mp4,0471_0177_0002,0,0,0,0,1,0,0,0,0,0,0,0,sad
003/32HR3MnDZ8g.mp4/0565.mp4,0565_0121_0003,0,1,0,0,0,0,0,0,0,0,0,0,sad
003/4ZpjKfu6Cl8.mp4/0096.mp4,0096_0121_0001,0,0,0,1,2,0,0,0,0,0,0,0,sad
003/4ZpjKfu6Cl8.mp4/0138.mp4,0138_0161_0001,0,2,2,1,3,0,0,0,0,0,0,0,sad
003/4ZpjKfu6Cl8.mp4/0188.mp4,0188_0183_0001,0,1,0,1,1,0,1,0,0,0,0,0,sad
003/4ZpjKfu6Cl8.mp4/0309.mp4,0309_0115_0001,0,0,0,2,2,0,0,0,0,0,1,0,sad
003/4ZpjKfu6Cl8.mp4/0689.mp4,0689_0160_0001,0,1,0,1,1,0,0,0,0,0,1,0,sad
003/5milLu-6bWI.mp4/0015.mp4,0015_0147_0003,1,0,0,0,0,0,2,0,0,0,2,0,other
003/5milLu-6bWI.mp4/0032.mp4,0032_0114_0002,0,0,0,0,0,0,1,0,0,0,1,0,sad
003/5milLu-6bWI.mp4/0192.mp4,0192_0161_0002,0,0,0,0,0,0,1,0,0,0,0,0,sad
003/5milLu-6bWI.mp4/0213.mp4,0213_0170_0001,0,0,2,2,2,0,1,0,0,0,1,0,sad
003/5milLu-6bWI.mp4/0401.mp4,0401_0158_0001,0,0,0,0,0,0,2,0,1,2,1,0,happy
003/5milLu-6bWI.mp4/0436.mp4,0436_0254_0003,2,0,0,0,0,0,2,0,0,2,1,0,happy
003/5YPjcdLbs5g.mp4/0129.mp4,0129_0139_0001,0,1,0,1,2,0,0,0,0,0,0,0,sad
003/5YPjcdLbs5g.mp4/0314.mp4,0314_0159_0001,0,0,0,2,0,0,0,0,0,0,0,0,sad
003/5YPjcdLbs5g.mp4/0316.mp4,0316_0108_0001,0,0,0,1,0,0,1,0,0,0,0,0,sad
003/5YPjcdLbs5g.mp4/0355.mp4,0355_0219_0001,0,1,0,0,1,0,0,0,0,0,0,0,sad
003/5YPjcdLbs5g.mp4/0423.mp4,0423_0183_0001,0,0,1,2,1,0,0,0,0,0,1,0,sad
003/5YPjcdLbs5g.mp4/0529.mp4,0529_0132_0002,0,3,4,1,1,0,0,0,0,0,0,0,sad
003/5YPjcdLbs5g.mp4/0529.mp4,0529_0132_0002,1,0,0,2,2,0,0,0,0,0,0,0,sad
003/5YPjcdLbs5g.mp4/0630.mp4,0630_0104_0001,0,1,0,1,1,0,0,0,0,0,1,0,sad
003/7YpF6DntOYw.mp4/0039.mp4,0039_0165_0002,0,0,0,1,1,0,0,1,2,0,1,0,other
003/7YpF6DntOYw.mp4/0039.mp4,0039_0165_0002,1,0,0,0,0,0,0,1,1,0,1,0,happy
003/7YpF6DntOYw.mp4/0062.mp4,0062_0114_0001,0,1,0,1,1,0,1,0,0,0,1,0,sad
003/7YpF6DntOYw.mp4/0200.mp4,0200_0156_0001,0,2,1,2,2,0,0,0,0,0,0,0,sad
003/8VZEwOCQ8bc.mp4/0536.mp4,0536_0212_0001,0,1,0,1,1,0,0,0,0,0,0,0,sad
003/8VZEwOCQ8bc.mp4/0592.mp4,0592_0138_0002,0,1,0,2,1,0,0,0,0,0,1,0,sad
003/9bK05eBt1GM.mp4/0162.mp4,0162_0109_0002,0,1,0,1,1,0,1,0,1,0,0,0,sad
003/9bK05eBt1GM.mp4/0162.mp4,0162_0109_0002,1,0,0,0,0,0,0,0,0,1,0,1,sad
003/9bK05eBt1GM.mp4/0178.mp4,0178_0132_0002,0,1,0,1,1,0,1,0,1,0,0,0,sad
003/9bK05eBt1GM.mp4/0180.mp4,0180_0121_0002,0,1,0,1,1,0,1,0,1,0,0,0,sad
003/9bK05eBt1GM.mp4/0344.mp4,0344_0159_0002,0,2,0,1,1,0,0,0,0,0,0,0,sad
003/9bK05eBt1GM.mp4/0347.mp4,0347_0153_0002,0,2,0,1,1,0,0,0,0,0,0,0,sad
003/9bK05eBt1GM.mp4/0516.mp4,0516_0244_0002,0,1,0,1,0,0,0,0,0,0,0,0,sad
003/9bK05eBt1GM.mp4/0566.mp4,0566_0190_0003,1,1,1,0,0,0,1,0,1,1,1,0,sad
003/9bK05eBt1GM.mp4/0793.mp4,0793_0126_0002,0,0,0,1,0,0,1,0,0,0,0,0,sad
003/9bK05eBt1GM.mp4/0795.mp4,0795_0166_0002,0,0,0,1,0,0,1,0,0,0,0,0,sad
003/9Y_l9NsnYE0.mp4/0041.mp4,0041_0280_0002,1,0,0,2,1,0,1,0,0,0,1,0,sad
003/9Y_l9NsnYE0.mp4/0205.mp4,0205_0104_0002,1,0,0,0,0,0,1,1,1,1,1,0,happy
003/9Y_l9NsnYE0.mp4/0225.mp4,0225_0111_0002,1,0,0,0,0,0,0,0,0,1,1,0,happy
003/9Y_l9NsnYE0.mp4/0398.mp4,0398_0121_0006,1,0,0,1,1,0,0,0,0,0,1,0,sad
003/9Y_l9NsnYE0.mp4/0496.mp4,0496_0134_0005,4,0,0,1,0,0,0,0,0,0,0,0,sad
003/AN07xQokfiE.mp4/0341.mp4,0341_0102_0002,1,0,0,0,1,0,0,0,0,0,0,0,sad
003/AN07xQokfiE.mp4/0385.mp4,0385_0186_0001,0,0,0,1,1,0,0,0,0,0,0,0,sad
003/ax3q-RkVIt4.mp4/0189.mp4,0189_0120_0004,2,0,0,0,0,0,0,0,0,0,1,0,happy
003/ax3q-RkVIt4.mp4/0349.mp4,0349_0192_0002,0,0,0,0,1,0,1,0,0,1,1,0,happy
003/ax3q-RkVIt4.mp4/0360.mp4,0360_0212_0001,0,0,0,1,1,0,0,0,0,1,0,0,sad
003/ax3q-RkVIt4.mp4/0411.mp4,0411_0157_0002,1,0,0,0,0,0,1,1,0,0,1,0,other
003/BCiuXAuCKAU.mp4/0597.mp4,0597_0159_0001,0,2,0,0,0,0,2,0,0,0,0,0,sad
003/C25wkwAMB-w.mp4/0113.mp4,0113_0154_0001,0,0,1,2,2,0,1,0,0,0,0,0,sad
003/C25wkwAMB-w.mp4/0300.mp4,0300_0132_0002,0,0,0,0,0,0,1,0,0,2,2,0,happy
003/C25wkwAMB-w.mp4/0329.mp4,0329_0145_0002,1,0,0,0,0,0,1,0,0,1,0,0,happy
003/C25wkwAMB-w.mp4/0526.mp4,0526_0150_0003,0,0,0,0,0,0,1,0,0,0,2,0,other
003/C25wkwAMB-w.mp4/0606.mp4,0606_0174_0001,0,1,1,2,2,0,0,0,0,0,1,0,sad
003/C25wkwAMB-w.mp4/0656.mp4,0656_0129_0002,0,0,0,0,1,0,0,0,0,1,0,0,sad
003/C25wkwAMB-w.mp4/0751.mp4,0751_0139_0002,0,2,4,4,4,0,0,0,0,0,0,0,sad
003/C25wkwAMB-w.mp4/0753.mp4,0753_0118_0001,0,2,0,3,0,0,0,0,0,0,0,0,sad
003/C25wkwAMB-w.mp4/0754.mp4,0754_0153_0001,0,0,4,2,2,0,0,0,0,0,0,0,sad
003/C25wkwAMB-w.mp4/0763.mp4,0763_0140_0002,1,1,0,1,2,0,0,0,0,0,0,0,sad
003/C25wkwAMB-w.mp4/0822.mp4,0822_0210_0001,0,2,0,4,3,0,0,0,0,0,0,1,sad
003/C25wkwAMB-w.mp4/0849.mp4,0849_0114_0001,0,0,0,1,2,0,1,0,0,0,0,0,sad
003/C25wkwAMB-w.mp4/0945.mp4,0945_0144_0002,0,1,0,2,1,0,0,0,0,0,0,0,sad
003/C25wkwAMB-w.mp4/0945.mp4,0945_0144_0002,1,0,0,1,1,0,0,0,0,1,1,0,sad
003/c9pEMjPT16M.mp4/0080.mp4,0080_0151_0002,1,0,0,0,0,0,1,0,0,0,0,0,sad
003/c9pEMjPT16M.mp4/0290.mp4,0290_0283_0002,0,1,3,1,1,0,0,0,0,0,0,0,sad
003/c9pEMjPT16M.mp4/0290.mp4,0290_0283_0002,1,0,0,2,2,0,1,1,0,0,1,0,sad
003/c9pEMjPT16M.mp4/0299.mp4,0299_0226_0001,0,0,4,1,1,0,1,0,0,1,0,0,sad
003/c9pEMjPT16M.mp4/0351.mp4,0351_0116_0001,0,0,0,0,1,0,2,0,0,2,2,0,happy
003/c9pEMjPT16M.mp4/0356.mp4,0356_0193_0001,0,0,0,3,0,0,0,0,1,0,0,0,other
003/c9pEMjPT16M.mp4/0399.mp4,0399_0116_0002,0,0,0,0,1,0,1,0,0,2,1,0,happy
003/c9pEMjPT16M.mp4/0483.mp4,0483_0209_0001,0,0,0,1,1,0,1,0,0,0,0,0,sad
003/c9pEMjPT16M.mp4/0662.mp4,0662_0143_0001,0,0,0,1,1,0,1,0,0,0,0,0,sad
003/c9pEMjPT16M.mp4/0694.mp4,0694_0165_0001,0,0,0,1,1,0,1,0,0,0,1,0,sad
003/c9pEMjPT16M.mp4/0740.mp4,0740_0106_0001,0,0,0,0,2,0,2,0,0,0,1,0,sad
003/c9pEMjPT16M.mp4/0883.mp4,0883_0162_0001,0,0,0,0,1,0,2,0,0,0,1,0,sad
003/c9pEMjPT16M.mp4/0902.mp4,0902_0194_0001,0,0,0,0,1,0,0,0,0,0,3,0,happy
003/c9pEMjPT16M.mp4/1219.mp4,1219_0135_0001,0,0,0,1,1,0,1,0,0,0,0,0,sad
003/c9pEMjPT16M.mp4/1266.mp4,1266_0211_0002,1,0,2,0,0,0,1,0,0,1,0,0,sad
003/cKA-qeZuH_w.mp4/0739.mp4,0739_0225_0001,0,0,2,0,0,0,1,0,0,0,0,0,sad
003/CrlfWnsS7ac.mp4/0383.mp4,0383_0148_0001,0,0,0,1,2,0,1,0,0,0,0,0,sad
003/CrlfWnsS7ac.mp4/0423.mp4,0423_0162_0002,0,0,0,2,0,0,1,0,0,0,0,0,sad
003/CrlfWnsS7ac.mp4/0435.mp4,0435_0142_0003,2,0,0,2,0,0,1,0,0,0,0,0,sad
003/CrlfWnsS7ac.mp4/0512.mp4,0512_0191_0002,0,0,0,0,1,0,0,0,0,0,0,0,sad
003/CrlfWnsS7ac.mp4/0886.mp4,0886_0104_0001,0,1,0,1,0,0,0,0,0,0,1,0,sad
003/cWYJHb25EVs.mp4/0267.mp4,0267_0104_0001,0,0,0,0,0,0,0,0,0,0,1,0,neutral
003/cWYJHb25EVs.mp4/0402.mp4,0402_0131_0003,0,0,0,2,0,0,0,0,0,0,0,0,sad
003/cWYJHb25EVs.mp4/0427.mp4,0427_0223_0001,0,0,0,1,0,0,2,1,1,1,1,0,happy
003/cWYJHb25EVs.mp4/0720.mp4,0720_0138_0001,0,0,0,1,1,0,0,0,0,0,0,0,sad
003/cWYJHb25EVs.mp4/0960.mp4,0960_0258_0001,0,1,1,1,1,0,0,0,0,1,0,0,sad
003/D-BJTU6NxZ8.mp4/0083.mp4,0083_0120_0002,0,0,0,2,1,0,1,0,0,0,0,0,sad
003/D-BJTU6NxZ8.mp4/0100.mp4,0100_0128_0001,0,0,0,2,2,0,1,0,0,0,0,0,sad
003/D-BJTU6NxZ8.mp4/0150.mp4,0150_0173_0001,0,0,0,2,2,0,1,0,0,0,0,0,sad
003/D-BJTU6NxZ8.mp4/0153.mp4,0153_0144_0002,1,0,0,2,1,0,1,0,0,0,0,0,sad
003/D-BJTU6NxZ8.mp4/0155.mp4,0155_0173_0002,1,0,0,2,1,0,1,0,0,0,0,0,sad
003/D-BJTU6NxZ8.mp4/0160.mp4,0160_0195_0002,1,0,0,2,2,0,0,0,1,0,0,0,sad
003/D-BJTU6NxZ8.mp4/0196.mp4,0196_0156_0001,0,0,0,1,2,0,0,0,0,0,1,0,sad
003/D-BJTU6NxZ8.mp4/0290.mp4,0290_0143_0002,0,0,0,2,2,0,0,0,0,0,0,0,sad
003/D-BJTU6NxZ8.mp4/0404.mp4,0404_0122_0001,0,0,0,0,1,0,1,0,1,0,0,0,sad
003/D-BJTU6NxZ8.mp4/0509.mp4,0509_0157_0002,0,2,2,1,1,0,0,0,0,0,0,0,sad
003/D-BJTU6NxZ8.mp4/0509.mp4,0509_0157_0002,1,0,0,0,2,0,1,0,0,0,0,0,sad
003/D-BJTU6NxZ8.mp4/0565.mp4,0565_0155_0001,0,0,0,2,1,0,2,0,0,0,0,0,sad
003/D-BJTU6NxZ8.mp4/0647.mp4,0647_0241_0004,3,2,0,1,2,0,0,0,0,0,0,0,sad
003/D-BJTU6NxZ8.mp4/0729.mp4,0729_0166_0001,0,0,0,0,0,0,0,0,0,0,2,0,happy
003/Di1MG6auDYo.mp4/0004.mp4,0004_0135_0002,1,1,1,0,1,0,0,0,0,0,1,0,sad
003/Di1MG6auDYo.mp4/0137.mp4,0137_0176_0001,0,2,0,0,1,0,2,0,0,0,0,0,sad
003/Di1MG6auDYo.mp4/0141.mp4,0141_0116_0002,0,1,0,0,2,0,2,0,0,0,0,0,sad
003/Di1MG6auDYo.mp4/0141.mp4,0141_0116_0002,1,1,1,1,1,0,2,0,0,1,0,0,sad
003/Ecivp8t3MdY.mp4/0104.mp4,0104_0141_0002,1,0,2,3,3,0,1,0,1,0,1,0,sad
003/Ecivp8t3MdY.mp4/0204.mp4,0204_0137_0002,0,0,0,0,0,0,3,0,0,2,0,0,happy
003/Ecivp8t3MdY.mp4/0350.mp4,0350_0143_0001,0,0,2,0,0,0,3,0,1,0,0,0,sad
003/Ecivp8t3MdY.mp4/0471.mp4,0471_0121_0001,0,0,1,1,1,0,2,0,1,1,0,0,sad
003/Ecivp8t3MdY.mp4/0519.mp4,0519_0226_0002,1,0,0,0,1,0,1,0,0,0,0,0,sad
003/Ekwy7wzLfjc.mp4/0045.mp4,0045_0130_0001,0,2,2,0,0,0,0,0,0,0,0,0,sad
003/Ekwy7wzLfjc.mp4/0109.mp4,0109_0135_0003,1,1,0,2,2,0,0,0,0,0,1,0,sad
003/er7eeiJB6dI.mp4/0061.mp4,0061_0121_0001,0,0,0,1,1,0,0,0,0,0,0,0,sad
003/er7eeiJB6dI.mp4/0173.mp4,0173_0183_0001,0,0,0,3,1,0,0,0,0,1,0,0,sad
003/er7eeiJB6dI.mp4/0212.mp4,0212_0235_0001,0,0,0,0,0,0,0,0,0,2,1,0,happy
003/er7eeiJB6dI.mp4/0255.mp4,0255_0103_0001,0,0,0,0,1,0,0,0,0,1,0,0,sad
003/er7eeiJB6dI.mp4/0259.mp4,0259_0187_0001,0,0,4,1,1,0,1,0,2,0,0,0,sad
003/er7eeiJB6dI.mp4/0351.mp4,0351_0128_0001,0,0,0,0,1,0,0,0,0,2,1,0,happy
003/er7eeiJB6dI.mp4/0366.mp4,0366_0211_0003,0,0,0,1,0,0,0,0,0,0,1,0,sad
003/er7eeiJB6dI.mp4/0366.mp4,0366_0211_0003,1,0,0,0,1,0,1,0,2,0,0,0,sad
003/er7eeiJB6dI.mp4/0382.mp4,0382_0111_0003,0,0,0,2,2,0,0,0,0,0,1,0,sad
003/er7eeiJB6dI.mp4/0419.mp4,0419_0179_0001,0,0,0,2,2,0,1,0,0,0,1,0,sad
003/F3dPH6Xqf5M.mp4/0012.mp4,0012_0173_0002,0,3,0,1,1,0,0,0,0,0,0,0,sad
003/F3dPH6Xqf5M.mp4/0245.mp4,0245_0187_0002,1,2,0,1,1,0,0,0,0,0,0,0,sad
003/F3dPH6Xqf5M.mp4/0397.mp4,0397_0131_0004,0,2,0,1,2,0,2,0,1,0,1,0,sad
003/fD6VkIRlIRI.mp4/0052.mp4,0052_0114_0001,0,0,0,0,0,0,0,0,0,0,2,0,happy
003/fD6VkIRlIRI.mp4/0385.mp4,0385_0195_0005,2,0,0,2,1,0,0,0,0,0,0,0,sad
003/fD6VkIRlIRI.mp4/0520.mp4,0520_0174_0001,0,0,0,2,2,0,0,0,1,0,0,0,sad
003/fD6VkIRlIRI.mp4/0722.mp4,0722_0209_0004,1,0,0,2,2,0,0,0,0,0,0,0,sad
003/fD6VkIRlIRI.mp4/0897.mp4,0897_0148_0001,0,2,0,2,1,0,0,0,1,0,1,0,sad
003/fNcxxBjEOgw.mp4/0693.mp4,0693_0100_0004,0,0,0,1,1,0,1,0,0,0,0,0,sad
003/g1wyIcLPbq0.mp4/0185.mp4,0185_0105_0001,0,0,0,0,1,0,1,0,0,0,0,0,sad
003/g1wyIcLPbq0.mp4/0330.mp4,0330_0170_0002,0,0,0,0,1,0,0,0,0,0,1,0,sad
003/g1wyIcLPbq0.mp4/0520.mp4,0520_0111_0003,1,0,0,2,1,0,0,0,0,0,0,0,sad
003/G5Yr20A5z_Q.mp4/0373.mp4,0373_0139_0001,0,0,1,0,1,0,0,0,0,0,1,0,sad
003/G5Yr20A5z_Q.mp4/0384.mp4,0384_0190_0002,1,0,0,1,1,0,0,0,0,1,1,0,sad
003/G5Yr20A5z_Q.mp4/0750.mp4,0750_0140_0002,1,1,0,1,1,0,1,0,0,0,0,0,sad
003/G5Yr20A5z_Q.mp4/1078.mp4,1078_0156_0003,0,1,1,0,1,0,0,0,0,1,0,0,sad
003/G5Yr20A5z_Q.mp4/1152.mp4,1152_0101_0004,1,0,0,1,0,0,0,0,1,0,1,0,sad
003/Gvp-cj3bmIY.mp4/0608.mp4,0608_0135_0002,0,0,1,2,1,0,0,0,0,1,0,0,sad
003/Gvp-cj3bmIY.mp4/0694.mp4,0694_0200_0003,1,0,0,0,0,0,0,1,1,0,0,0,other
003/Gvp-cj3bmIY.mp4/0917.mp4,0917_0159_0005,3,0,0,1,4,0,0,0,0,0,0,0,sad
003/Gvp-cj3bmIY.mp4/0985.mp4,0985_0122_0001,0,2,0,4,2,0,0,0,0,0,0,0,sad
003/hHgg9WI8dTk.mp4/0226.mp4,0226_0137_0001,0,0,0,0,0,0,1,0,1,1,1,0,happy
003/hHgg9WI8dTk.mp4/0257.mp4,0257_0112_0001,0,0,0,1,1,0,0,0,0,0,0,0,sad
003/hHgg9WI8dTk.mp4/0382.mp4,0382_0163_0001,0,0,0,2,2,0,0,0,0,0,0,0,sad
003/HJzgJ9ZjvJk.mp4/0232.mp4,0232_0208_0001,0,0,0,0,2,0,1,1,0,0,0,0,sad
003/HKjR70GCRPE.mp4/0018.mp4,0018_0100_0002,1,0,0,1,1,0,0,0,0,0,1,0,sad
003/HKjR70GCRPE.mp4/0031.mp4,0031_0172_0001,0,0,0,1,1,0,0,0,0,0,0,0,sad
003/HKjR70GCRPE.mp4/0131.mp4,0131_0232_0002,0,0,2,1,1,0,0,0,0,1,0,0,sad
003/HKjR70GCRPE.mp4/0131.mp4,0131_0232_0002,1,0,0,2,0,0,1,0,0,2,0,0,sad
003/HKjR70GCRPE.mp4/0200.mp4,0200_0135_0002,1,0,0,2,1,0,0,0,0,0,1,0,sad
003/HKjR70GCRPE.mp4/0305.mp4,0305_0167_0001,0,0,0,2,1,0,1,0,0,0,1,0,sad
003/HKjR70GCRPE.mp4/0406.mp4,0406_0162_0002,1,0,0,1,1,0,0,0,0,0,0,0,sad
003/HKjR70GCRPE.mp4/0781.mp4,0781_0149_0001,0,0,0,0,0,0,1,0,0,2,1,0,happy
003/HKjR70GCRPE.mp4/0847.mp4,0847_0107_0002,0,0,0,0,1,0,0,0,0,0,0,0,sad
003/HKjR70GCRPE.mp4/0927.mp4,0927_0288_0002,0,0,0,1,0,0,0,0,0,0,1,0,other
003/HKjR70GCRPE.mp4/0967.mp4,0967_0145_0001,0,0,0,0,1,0,1,0,0,0,0,0,sad
003/HKjR70GCRPE.mp4/1058.mp4,1058_0186_0002,0,0,0,2,1,0,0,0,0,0,0,0,sad
003/HKjR70GCRPE.mp4/1058.mp4,1058_0186_0002,1,0,0,2,1,0,0,0,0,0,0,0,sad
003/HV0H6oc4Kvs.mp4/0483.mp4,0483_0168_0002,0,0,1,0,1,0,0,0,0,0,0,0,sad
003/HymKCzQJbB8.mp4/0139.mp4,0139_0100_0001,0,1,0,2,1,0,1,0,0,0,0,0,sad
003/HymKCzQJbB8.mp4/0805.mp4,0805_0100_0002,1,0,1,0,1,0,1,0,0,0,0,0,sad
003/HymKCzQJbB8.mp4/0838.mp4,0838_0144_0004,0,1,0,0,1,0,0,0,0,0,0,0,sad
003/IKdBLciu_-A.mp4/0094.mp4,0094_0184_0001,0,0,0,3,3,0,0,0,0,0,1,0,sad
003/IKdBLciu_-A.mp4/0217.mp4,0217_0182_0001,0,0,0,0,0,0,1,0,1,1,1,0,happy
003/IKdBLciu_-A.mp4/0475.mp4,0475_0152_0001,0,0,0,0,0,0,0,0,0,1,1,0,happy
003/IKdBLciu_-A.mp4/0525.mp4,0525_0135_0002,0,1,0,1,0,0,0,0,1,0,0,0,sad
003/IKdBLciu_-A.mp4/0655.mp4,0655_0115_0003,0,0,0,0,1,0,0,0,0,0,0,0,sad
003/IKdBLciu_-A.mp4/0795.mp4,0795_0244_0002,1,0,0,0,0,0,1,0,0,2,0,0,happy
003/iSlDMboCSao.mp4/0742.mp4,0742_0125_0006,3,1,3,1,2,0,0,0,0,0,0,0,sad
003/iSlDMboCSao.mp4/0871.mp4,0871_0176_0004,3,2,0,2,2,0,0,0,0,0,0,0,sad
003/iSlDMboCSao.mp4/0925.mp4,0925_0139_0001,0,0,4,2,2,0,0,0,1,0,0,0,sad
003/IzvOYVMltkI.mp4/0126.mp4,0126_0135_0002,0,0,0,0,1,0,1,0,0,2,1,0,happy
003/IzvOYVMltkI.mp4/0205.mp4,0205_0209_0002,1,0,0,1,1,0,0,0,0,0,0,0,sad
003/IzvOYVMltkI.mp4/0300.mp4,0300_0207_0002,0,2,0,1,2,0,1,0,0,1,0,0,sad
003/IzvOYVMltkI.mp4/0371.mp4,0371_0123_0001,0,2,0,0,1,0,0,0,0,0,0,0,sad
003/IzvOYVMltkI.mp4/0502.mp4,0502_0111_0001,0,0,0,0,1,0,1,0,0,0,0,0,sad
003/IzvOYVMltkI.mp4/0528.mp4,0528_0146_0002,0,0,0,1,1,0,1,0,1,1,1,0,sad
003/IzvOYVMltkI.mp4/0720.mp4,0720_0114_0003,1,0,0,0,1,0,0,0,0,0,0,0,sad
003/IzvOYVMltkI.mp4/0720.mp4,0720_0114_0003,2,0,0,1,1,0,0,0,0,0,0,0,sad
003/IzvOYVMltkI.mp4/0817.mp4,0817_0163_0002,0,2,0,0,1,0,0,0,0,0,0,0,sad
003/IzvOYVMltkI.mp4/0817.mp4,0817_0163_0002,1,0,0,1,1,0,0,0,0,0,0,0,sad
003/J1jDc2rTJlg.mp4/0341.mp4,0341_0113_0004,2,0,0,0,1,0,0,0,0,0,0,0,sad
003/J1jDc2rTJlg.mp4/0362.mp4,0362_0144_0004,2,2,0,0,1,0,0,0,0,0,0,0,sad
003/J1jDc2rTJlg.mp4/0470.mp4,0470_0154_0002,0,0,0,0,2,0,0,0,1,0,0,0,sad
003/J4bt4y9ShTA.mp4/0025.mp4,0025_0111_0002,1,0,0,2,2,0,1,0,0,0,0,0,sad
003/J4bt4y9ShTA.mp4/0187.mp4,0187_0102_0002,0,0,0,2,2,0,0,0,0,0,0,0,sad
003/J4bt4y9ShTA.mp4/0232.mp4,0232_0143_0002,0,1,0,0,1,0,0,0,0,0,0,0,sad
003/J4bt4y9ShTA.mp4/0290.mp4,0290_0100_0001,0,2,0,0,0,0,0,0,0,0,0,0,sad
003/J4bt4y9ShTA.mp4/0299.mp4,0299_0146_0001,0,0,0,0,1,0,0,0,0,0,2,0,other
003/j5jmjhGBW44.mp4/0293.mp4,0293_0170_0003,2,0,1,2,2,0,1,0,0,0,0,0,sad
003/j5jmjhGBW44.mp4/0451.mp4,0451_0171_0001,0,0,0,0,1,0,1,0,0,0,0,0,sad
003/j5jmjhGBW44.mp4/0706.mp4,0706_0162_0001,0,0,0,2,0,0,0,0,0,0,1,0,sad
003/jgAwJ0RqmYg.mp4/0303.mp4,0303_0188_0002,1,1,0,0,2,0,1,0,0,0,0,0,sad
003/jgAwJ0RqmYg.mp4/0387.mp4,0387_0187_0002,1,1,1,2,2,0,1,0,1,1,0,0,sad
003/JNb4nWexD0I.mp4/0371.mp4,0371_0112_0001,0,0,0,0,0,0,1,0,0,2,1,0,happy
003/JNb4nWexD0I.mp4/0469.mp4,0469_0204_0003,0,0,0,0,1,0,0,0,0,0,1,0,sad
003/jqZpiHlJUig.mp4/0297.mp4,0297_0202_0001,0,2,0,0,1,0,0,0,0,0,0,0,sad
003/K_SpqDJnlps.mp4/0016.mp4,0016_0117_0001,0,0,0,1,1,0,0,0,0,0,1,0,sad
003/K_SpqDJnlps.mp4/0383.mp4,0383_0197_0002,0,0,0,1,1,0,0,0,0,0,0,0,sad
003/kMy-6RtoOVU.mp4/0142.mp4,0142_0197_0002,1,0,0,0,0,0,0,0,0,3,0,0,happy
003/kMy-6RtoOVU.mp4/0445.mp4,0445_0113_0002,0,2,4,2,2,0,0,0,0,0,0,0,sad
003/Ksd1JQFHYWA.mp4/0265.mp4,0265_0100_0001,0,0,0,0,0,0,1,0,0,0,1,0,other
003/Ksd1JQFHYWA.mp4/0313.mp4,0313_0176_0001,0,0,0,0,0,0,0,2,1,3,3,0,happy
003/Ksd1JQFHYWA.mp4/0316.mp4,0316_0140_0008,0,0,0,0,0,0,1,0,0,1,1,0,happy
003/Ksd1JQFHYWA.mp4/0562.mp4,0562_0149_0001,0,0,0,0,0,0,2,0,0,2,0,0,happy
003/Ksd1JQFHYWA.mp4/0591.mp4,0591_0115_0003,1,0,0,0,0,0,0,0,0,1,2,0,happy
003/Ksd1JQFHYWA.mp4/0598.mp4,0598_0206_0003,1,1,0,1,1,0,0,0,0,0,0,0,sad
003/Ksd1JQFHYWA.mp4/0719.mp4,0719_0186_0002,0,0,0,1,2,0,1,0,0,1,1,0,sad
003/KVq6If6ozMY.mp4/0260.mp4,0260_0203_0002,0,1,0,0,1,0,1,0,0,0,0,0,sad
003/KVq6If6ozMY.mp4/0352.mp4,0352_0202_0002,0,0,0,1,1,0,1,0,0,0,0,0,sad
003/KVq6If6ozMY.mp4/0374.mp4,0374_0158_0002,1,0,0,1,1,0,0,0,0,0,0,0,sad
003/KVq6If6ozMY.mp4/0468.mp4,0468_0238_0001,0,1,0,1,1,0,0,0,0,0,0,0,sad
003/KVq6If6ozMY.mp4/0565.mp4,0565_0237_0002,0,0,0,1,1,0,1,0,0,0,0,0,sad
003/KVq6If6ozMY.mp4/0565.mp4,0565_0237_0002,1,0,0,1,1,0,0,0,0,0,0,0,sad
003/KVq6If6ozMY.mp4/0614.mp4,0614_0113_0001,0,0,0,0,1,0,1,0,0,0,0,0,sad
003/KVq6If6ozMY.mp4/0659.mp4,0659_0130_0001,0,1,0,1,2,0,0,0,0,0,0,0,sad
003/KWoSGtglCms.mp4/0348.mp4,0348_0290_0002,0,0,0,1,1,0,0,0,0,0,1,0,sad
003/l2XO3tQk8lI.mp4/0160.mp4,0160_0123_0002,1,0,0,0,1,0,0,0,0,0,0,0,sad
003/lDmLcWWBp1E.mp4/0190.mp4,0190_0150_0002,0,0,0,4,0,0,0,0,1,0,2,0,sad
003/lDmLcWWBp1E.mp4/0193.mp4,0193_0119_0001,0,0,0,1,1,0,1,0,0,0,0,0,sad
003/lDmLcWWBp1E.mp4/0555.mp4,0555_0140_0001,0,0,0,0,1,0,0,0,0,0,0,0,sad
003/lDmLcWWBp1E.mp4/0698.mp4,0698_0223_0002,0,1,0,1,1,0,0,0,0,0,0,0,sad
003/lT1zdTL-3SM.mp4/0105.mp4,0105_0276_0003,1,0,0,1,1,0,0,0,0,0,1,0,sad
003/lT1zdTL-3SM.mp4/0174.mp4,0174_0180_0003,1,1,0,1,1,0,0,0,0,0,1,0,sad
003/lT1zdTL-3SM.mp4/0326.mp4,0326_0223_0002,0,0,0,2,2,0,0,0,1,0,1,0,sad
003/lT1zdTL-3SM.mp4/0532.mp4,0532_0253_0002,1,2,0,1,1,0,0,0,0,0,0,0,sad
003/lT1zdTL-3SM.mp4/0616.mp4,0616_0253_0001,0,0,0,0,1,0,0,0,1,1,1,0,other
003/lT1zdTL-3SM.mp4/0700.mp4,0700_0137_0002,0,0,1,0,1,0,2,0,0,0,0,0,sad
003/lT1zdTL-3SM.mp4/0700.mp4,0700_0137_0002,1,0,1,0,1,0,2,0,0,0,0,0,sad
003/lWXhqIAvarw.mp4/0211.mp4,0211_0190_0002,1,1,0,1,1,0,0,0,0,0,0,0,sad
003/lWXhqIAvarw.mp4/0450.mp4,0450_0140_0001,0,1,1,1,1,0,0,0,0,0,0,0,sad
003/ly1upu2FNTs.mp4/0230.mp4,0230_0153_0001,0,0,0,0,0,0,0,0,0,1,1,0,happy
003/ly1upu2FNTs.mp4/0242.mp4,0242_0259_0003,2,0,0,0,0,0,0,0,0,1,1,0,happy
003/Ma2hgTmveKQ.mp4/0268.mp4,0268_0218_0002,0,0,0,0,0,0,2,0,0,1,1,0,happy
003/N7baJsMszJ0.mp4/0064.mp4,0064_0161_0001,0,0,0,2,1,0,0,0,0,0,1,0,sad
003/N7baJsMszJ0.mp4/0144.mp4,0144_0109_0004,0,0,0,1,1,0,0,0,0,0,0,0,sad
003/N7baJsMszJ0.mp4/0218.mp4,0218_0180_0003,2,0,3,2,1,0,1,0,0,1,0,0,sad
003/N7baJsMszJ0.mp4/0259.mp4,0259_0105_0001,0,0,0,0,1,0,2,0,0,0,0,0,sad
003/N7baJsMszJ0.mp4/0338.mp4,0338_0170_0002,0,0,0,2,0,0,1,0,0,0,1,0,sad
003/N7baJsMszJ0.mp4/0520.mp4,0520_0134_0001,0,0,0,0,0,0,0,0,0,0,1,0,happy
003/N7baJsMszJ0.mp4/0673.mp4,0673_0140_0001,0,0,0,2,2,0,1,0,0,0,0,0,sad
003/NEQ7Wpf-EtI.mp4/0051.mp4,0051_0149_0002,0,0,0,0,1,0,0,0,0,0,0,0,sad
003/NEQ7Wpf-EtI.mp4/0213.mp4,0213_0108_0002,0,0,0,2,1,0,0,0,0,0,1,0,sad
003/NEQ7Wpf-EtI.mp4/0260.mp4,0260_0186_0002,0,0,0,1,1,0,0,0,0,0,0,0,sad
003/NEQ7Wpf-EtI.mp4/0260.mp4,0260_0186_0002,1,0,0,1,1,0,1,0,0,0,0,0,sad
003/NEQ7Wpf-EtI.mp4/0586.mp4,0586_0108_0002,0,0,0,0,1,0,2,0,0,0,0,0,sad
003/NEQ7Wpf-EtI.mp4/0586.mp4,0586_0108_0002,1,0,2,1,2,0,3,0,0,1,1,0,sad
003/NEQ7Wpf-EtI.mp4/0777.mp4,0777_0119_0001,0,0,0,3,3,0,0,0,0,0,1,0,sad
003/NEQ7Wpf-EtI.mp4/0826.mp4,0826_0137_0002,1,0,0,2,2,0,2,0,0,0,0,0,sad
003/NEQ7Wpf-EtI.mp4/0854.mp4,0854_0200_0003,2,0,0,0,1,0,0,0,0,0,0,0,sad
003/NEQ7Wpf-EtI.mp4/0856.mp4,0856_0117_0002,0,0,0,1,1,0,0,0,0,0,1,0,sad
003/O_NYCUhZ9zw.mp4/0140.mp4,0140_0129_0002,0,0,0,1,1,0,0,0,0,0,0,0,sad
003/oD_wxyTHJ2I.mp4/0247.mp4,0247_0113_0002,1,0,0,2,1,0,0,0,0,0,1,0,sad
003/oD_wxyTHJ2I.mp4/0527.mp4,0527_0150_0001,0,0,0,1,1,0,0,0,0,0,0,0,sad
003/oD_wxyTHJ2I.mp4/0570.mp4,0570_0135_0001,0,2,0,1,2,0,0,0,0,0,1,0,sad
003/oD_wxyTHJ2I.mp4/0581.mp4,0581_0149_0001,0,0,1,0,1,0,1,0,0,0,0,0,sad
003/oD_wxyTHJ2I.mp4/0595.mp4,0595_0100_0002,0,0,0,1,0,0,0,0,0,0,0,0,sad
003/oD_wxyTHJ2I.mp4/0612.mp4,0612_0112_0001,0,0,0,1,1,0,0,0,0,0,0,0,sad
003/oD_wxyTHJ2I.mp4/0690.mp4,0690_0167_0001,0,1,1,1,1,0,0,0,0,0,0,0,sad
003/oD_wxyTHJ2I.mp4/0715.mp4,0715_0137_0002,1,3,0,0,0,0,1,0,0,0,0,0,sad
003/oD_wxyTHJ2I.mp4/0920.mp4,0920_0133_0002,0,0,0,0,1,0,0,0,0,0,1,0,sad
003/OfMdakd4bHI.mp4/0095.mp4,0095_0116_0002,1,0,1,0,0,0,0,0,0,0,0,0,sad
003/OfMdakd4bHI.mp4/0276.mp4,0276_0166_0001,0,0,0,2,2,0,1,0,0,0,1,0,sad
003/OfMdakd4bHI.mp4/0302.mp4,0302_0174_0002,0,0,0,2,1,0,1,0,1,0,1,0,sad
003/OGNnUvJq9RI.mp4/0289.mp4,0289_0164_0002,0,0,0,0,0,0,1,0,0,0,1,0,happy
003/OGNnUvJq9RI.mp4/0527.mp4,0527_0109_0002,1,0,0,1,1,0,0,0,0,0,0,0,sad
003/OGNnUvJq9RI.mp4/0577.mp4,0577_0265_0004,2,4,0,0,0,0,0,0,0,2,0,0,sad
003/OGNnUvJq9RI.mp4/0586.mp4,0586_0202_0005,3,1,0,1,1,0,0,0,0,0,0,0,sad
003/OGNnUvJq9RI.mp4/0586.mp4,0586_0202_0005,4,3,0,0,0,0,0,0,0,2,1,0,sad
003/OGNnUvJq9RI.mp4/0590.mp4,0590_0122_0005,0,1,0,1,1,0,0,0,0,1,1,0,sad
003/OGNnUvJq9RI.mp4/0590.mp4,0590_0122_0005,2,1,0,2,2,0,0,0,0,0,0,0,sad
003/OGNnUvJq9RI.mp4/0590.mp4,0590_0122_0005,3,1,0,1,1,0,0,0,0,0,0,0,sad
003/OGNnUvJq9RI.mp4/0774.mp4,0774_0108_0003,2,0,0,1,3,0,0,0,0,0,0,0,sad
003/OGNnUvJq9RI.mp4/0866.mp4,0866_0145_0001,0,0,0,2,2,0,1,0,0,0,0,0,sad
003/oq_bufAhyl8.mp4/0153.mp4,0153_0103_0002,0,1,0,0,1,0,0,0,0,0,1,0,sad
003/oq_bufAhyl8.mp4/0371.mp4,0371_0100_0003,0,1,0,1,1,0,0,0,0,0,0,0,sad
003/oq_bufAhyl8.mp4/0386.mp4,0386_0101_0002,1,0,1,1,1,0,1,0,0,0,0,0,sad
003/Ov0za6Xb1LM.mp4/0051.mp4,0051_0202_0002,1,0,0,2,2,0,0,0,0,0,1,0,sad
003/Ov0za6Xb1LM.mp4/0569.mp4,0569_0165_0001,0,0,0,4,1,0,0,0,0,0,0,0,sad
003/Ov0za6Xb1LM.mp4/0572.mp4,0572_0209_0002,0,0,0,2,1,0,0,0,0,0,0,0,sad
003/Ov0za6Xb1LM.mp4/0572.mp4,0572_0209_0002,1,0,0,0,0,0,1,0,0,2,2,0,happy
003/Ov0za6Xb1LM.mp4/0590.mp4,0590_0164_0001,0,0,0,0,1,0,0,0,0,0,0,0,sad
003/Ov0za6Xb1LM.mp4/0635.mp4,0635_0169_0001,0,2,0,1,1,0,0,0,0,0,0,0,sad
003/P90hF2S1JzA.mp4/0001.mp4,0001_0124_0002,1,1,1,1,1,0,0,0,0,0,0,0,sad
003/P90hF2S1JzA.mp4/0084.mp4,0084_0145_0001,0,0,0,1,1,0,0,0,0,0,0,0,sad
003/P90hF2S1JzA.mp4/0095.mp4,0095_0127_0001,0,0,0,1,0,0,0,0,1,1,1,0,happy
003/P90hF2S1JzA.mp4/0113.mp4,0113_0129_0001,0,0,0,0,0,0,0,0,0,1,1,0,happy
003/P90hF2S1JzA.mp4/0146.mp4,0146_0128_0002,0,1,0,1,1,0,0,0,0,1,0,0,sad
003/P90hF2S1JzA.mp4/0146.mp4,0146_0128_0002,1,1,1,1,1,0,0,0,0,1,1,0,sad
003/P90hF2S1JzA.mp4/0163.mp4,0163_0196_0001,0,1,2,2,1,0,0,0,0,0,0,0,sad
003/P90hF2S1JzA.mp4/0236.mp4,0236_0119_0003,0,0,0,2,2,0,1,0,0,0,0,0,sad
003/P90hF2S1JzA.mp4/0278.mp4,0278_0111_0001,0,1,0,1,1,0,1,0,1,0,0,0,sad
003/P90hF2S1JzA.mp4/0313.mp4,0313_0200_0002,0,0,0,0,1,0,0,0,0,0,0,0,sad
003/P90hF2S1JzA.mp4/0313.mp4,0313_0200_0002,1,1,0,1,1,0,0,0,0,0,0,0,sad
003/P90hF2S1JzA.mp4/0318.mp4,0318_0131_0001,0,0,0,0,0,0,0,1,0,0,1,0,happy
003/P90hF2S1JzA.mp4/0345.mp4,0345_0100_0002,0,3,0,1,1,0,0,0,0,0,0,0,sad
003/P90hF2S1JzA.mp4/0345.mp4,0345_0100_0002,1,0,0,1,1,0,0,0,,0,0,0,sad
003/P90hF2S1JzA.mp4/0428.mp4,0428_0137_0002,0,0,0,0,1,0,0,0,0,0,0,0,sad
003/P90hF2S1JzA.mp4/0555.mp4,0555_0170_0001,0,1,0,1,1,0,0,0,0,0,1,0,sad
003/P90hF2S1JzA.mp4/0640.mp4,0640_0149_0001,0,0,0,1,1,0,1,0,0,0,0,0,sad
003/P90hF2S1JzA.mp4/0701.mp4,0701_0100_0002,0,0,0,0,1,0,1,0,0,0,1,0,neutral
003/P90hF2S1JzA.mp4/0891.mp4,0891_0180_0001,0,0,0,1,1,0,1,0,0,0,0,0,sad
003/P90hF2S1JzA.mp4/0938.mp4,0938_0157_0001,0,0,0,1,1,0,0,0,0,0,0,0,sad
003/P90hF2S1JzA.mp4/0985.mp4,0985_0221_0001,0,2,0,1,1,0,0,0,0,0,0,0,sad
003/P90hF2S1JzA.mp4/0995.mp4,0995_0295_0002,0,2,0,1,1,0,0,0,0,1,0,0,sad
003/P90hF2S1JzA.mp4/1032.mp4,1032_0123_0001,0,0,0,1,1,0,0,0,0,0,0,0,sad
003/P90hF2S1JzA.mp4/1036.mp4,1036_0137_0001,0,0,0,2,2,0,0,0,0,0,0,0,sad
003/P90hF2S1JzA.mp4/1075.mp4,1075_0162_0001,0,0,0,1,1,0,0,0,0,0,0,0,sad
003/phrYEKv0rmw.mp4/0009.mp4,0009_0102_0003,2,0,0,2,1,0,0,0,0,0,0,0,sad
003/phrYEKv0rmw.mp4/0056.mp4,0056_0120_0002,1,2,0,1,1,0,1,0,0,0,0,0,sad
003/phrYEKv0rmw.mp4/0169.mp4,0169_0109_0002,1,0,0,2,1,0,0,0,0,0,1,0,sad
003/phrYEKv0rmw.mp4/0178.mp4,0178_0238_0002,0,0,0,1,1,0,0,0,0,0,0,0,sad
003/phrYEKv0rmw.mp4/0313.mp4,0313_0116_0001,0,0,0,1,2,0,0,0,0,0,1,0,sad
003/phrYEKv0rmw.mp4/0364.mp4,0364_0275_0001,0,0,0,3,1,0,0,0,0,0,1,0,sad
003/phrYEKv0rmw.mp4/0409.mp4,0409_0114_0004,3,0,0,0,0,0,1,0,0,0,0,0,other
003/phrYEKv0rmw.mp4/0485.mp4,0485_0212_0002,1,0,0,0,1,0,0,0,0,0,0,0,sad
003/phrYEKv0rmw.mp4/0581.mp4,0581_0167_0006,1,0,0,1,1,0,0,0,0,1,0,0,sad
003/phrYEKv0rmw.mp4/0581.mp4,0581_0167_0006,2,0,0,0,1,0,0,0,0,0,0,0,sad
003/phrYEKv0rmw.mp4/0581.mp4,0581_0167_0006,4,1,0,2,3,0,0,0,0,0,0,0,sad
003/phrYEKv0rmw.mp4/0581.mp4,0581_0167_0006,5,0,0,0,1,0,0,0,0,0,1,0,other
003/phrYEKv0rmw.mp4/0582.mp4,0582_0113_0002,0,3,0,0,0,0,1,0,0,0,0,0,sad
003/phrYEKv0rmw.mp4/0702.mp4,0702_0181_0003,0,1,0,1,1,0,0,0,0,0,0,0,sad
003/phrYEKv0rmw.mp4/0732.mp4,0732_0101_0002,1,0,0,2,2,0,1,0,0,0,0,0,sad
003/phrYEKv0rmw.mp4/0803.mp4,0803_0116_0001,0,0,0,2,1,0,0,0,0,0,1,0,sad
003/phrYEKv0rmw.mp4/0825.mp4,0825_0136_0002,1,0,0,2,1,0,0,0,0,0,1,0,sad
003/phrYEKv0rmw.mp4/0827.mp4,0827_0192_0002,0,0,0,1,0,0,0,0,0,0,0,0,sad
003/phrYEKv0rmw.mp4/0906.mp4,0906_0111_0002,0,0,0,1,1,0,0,0,0,0,0,0,sad
003/PNZQ2UJfyQE.mp4/0372.mp4,0372_0109_0001,0,0,0,0,2,0,2,0,0,0,1,0,sad
003/QMwT7DFA5O4.mp4/0235.mp4,0235_0114_0001,0,0,0,0,1,0,0,0,0,0,1,0,sad
003/QMwT7DFA5O4.mp4/0653.mp4,0653_0109_0001,0,0,0,2,2,0,0,0,0,0,1,0,sad
003/QMwT7DFA5O4.mp4/0828.mp4,0828_0185_0001,0,0,1,4,3,0,0,0,0,0,1,0,sad
003/qrkff49p4E4.mp4/0096.mp4,0096_0125_0001,0,0,0,2,2,0,1,0,0,0,0,0,sad
003/qrkff49p4E4.mp4/0205.mp4,0205_0122_0003,1,1,1,0,1,0,0,0,0,0,0,0,sad
003/qrkff49p4E4.mp4/0310.mp4,0310_0126_0001,0,0,0,0,1,0,1,0,0,0,0,0,sad
003/qrkff49p4E4.mp4/0323.mp4,0323_0128_0001,0,0,0,2,1,0,0,0,0,0,0,0,sad
003/qrkff49p4E4.mp4/0397.mp4,0397_0146_0002,0,0,0,0,1,0,0,0,0,0,0,0,sad
003/qrkff49p4E4.mp4/0634.mp4,0634_0196_0002,0,0,0,0,2,0,1,0,0,0,0,0,sad
003/r2llOyS-BmE.mp4/0413.mp4,0413_0230_0002,0,0,2,0,0,0,1,0,0,2,3,0,other
003/r2llOyS-BmE.mp4/0477.mp4,0477_0195_0002,1,0,0,1,1,0,1,0,1,0,0,0,sad
003/r2llOyS-BmE.mp4/0554.mp4,0554_0126_0002,0,0,0,1,1,0,1,0,0,1,0,0,sad
003/r2llOyS-BmE.mp4/0556.mp4,0556_0207_0002,0,0,0,2,2,0,0,0,0,0,0,0,sad
003/r2llOyS-BmE.mp4/0556.mp4,0556_0207_0002,1,0,0,1,2,0,0,0,0,0,0,0,sad
003/rFgb2ECMcrY.mp4/0226.mp4,0226_0114_0003,1,0,2,0,1,0,0,0,0,0,0,0,sad
003/rFgb2ECMcrY.mp4/0305.mp4,0305_0132_0002,0,0,0,1,1,0,1,0,0,1,0,0,sad
003/rFgb2ECMcrY.mp4/0496.mp4,0496_0123_0002,1,0,2,1,1,0,0,0,0,0,0,0,sad
003/rFgb2ECMcrY.mp4/0521.mp4,0521_0146_0001,0,0,2,1,1,0,0,0,0,0,1,0,sad
003/rFgb2ECMcrY.mp4/0603.mp4,0603_0195_0002,1,0,1,0,1,0,2,0,0,1,0,0,sad
003/rFgb2ECMcrY.mp4/0633.mp4,0633_0105_0002,0,0,0,1,1,0,1,0,0,0,1,0,sad
003/rFgb2ECMcrY.mp4/0830.mp4,0830_0139_0004,3,0,0,0,0,0,2,0,0,0,0,0,happy
003/rFgb2ECMcrY.mp4/0869.mp4,0869_0188_0001,0,0,0,0,0,2,4,1,2,0,2,0,happy
003/rFgb2ECMcrY.mp4/0875.mp4,0875_0115_0001,0,2,0,2,2,0,0,0,0,0,0,0,sad
003/rFgb2ECMcrY.mp4/0876.mp4,0876_0121_0002,0,0,0,0,0,0,0,0,0,0,3,0,happy
003/rFgb2ECMcrY.mp4/0877.mp4,0877_0236_0001,0,2,0,2,2,0,0,0,0,0,0,0,sad
003/rJKeqfTlAeY.mp4/0097.mp4,0097_0111_0002,1,0,0,0,0,0,3,0,0,3,1,0,happy
003/rJKeqfTlAeY.mp4/0255.mp4,0255_0183_0001,0,0,0,0,1,0,1,0,0,0,2,0,neutral
003/rJKeqfTlAeY.mp4/0433.mp4,0433_0117_0003,2,0,0,1,1,0,2,0,0,2,1,0,happy
003/rJKeqfTlAeY.mp4/0451.mp4,0451_0121_0002,1,0,0,1,1,0,0,0,0,0,0,0,sad
003/rJKeqfTlAeY.mp4/0490.mp4,0490_0188_0002,1,0,0,0,1,0,2,0,0,2,0,0,happy
003/rJKeqfTlAeY.mp4/0504.mp4,0504_0111_0001,0,0,0,0,0,0,0,0,0,0,2,0,happy
003/rUYsoIIE37A.mp4/0159.mp4,0159_0217_0002,1,0,0,0,1,0,0,1,1,2,2,0,happy
003/rUYsoIIE37A.mp4/0463.mp4,0463_0237_0002,1,0,3,2,4,0,0,0,0,0,1,0,sad
003/rUYsoIIE37A.mp4/0464.mp4,0464_0156_0001,0,0,1,2,1,0,0,0,0,2,0,0,sad
003/rUYsoIIE37A.mp4/0467.mp4,0467_0207_0001,0,0,0,2,1,0,1,0,0,1,0,0,sad
003/rUYsoIIE37A.mp4/0477.mp4,0477_0165_0001,0,0,0,2,1,0,1,0,0,0,0,0,sad
003/rUYsoIIE37A.mp4/0513.mp4,0513_0150_0001,0,1,0,0,0,0,0,0,0,0,0,0,neutral
003/rUYsoIIE37A.mp4/0525.mp4,0525_0204_0008,7,0,1,1,1,0,0,0,0,1,1,0,other
003/RvdxDMfMtiA.mp4/0070.mp4,0070_0146_0002,1,0,0,1,1,0,0,0,0,0,1,0,sad
003/RvdxDMfMtiA.mp4/0107.mp4,0107_0185_0002,1,0,0,1,1,0,1,0,0,1,0,0,sad
003/RvdxDMfMtiA.mp4/0266.mp4,0266_0149_0004,1,1,0,0,0,0,0,0,0,0,1,0,neutral
003/RvdxDMfMtiA.mp4/0368.mp4,0368_0124_0001,0,0,0,1,1,0,0,0,0,0,0,0,sad
003/RvdxDMfMtiA.mp4/0373.mp4,0373_0224_0001,0,1,0,1,1,0,0,0,0,0,0,0,sad
003/RvdxDMfMtiA.mp4/0395.mp4,0395_0230_0001,0,0,0,2,1,0,0,0,0,0,0,0,sad
003/RvdxDMfMtiA.mp4/0420.mp4,0420_0284_0002,0,0,0,0,0,0,0,1,0,2,1,0,happy
003/RvdxDMfMtiA.mp4/0507.mp4,0507_0234_0002,0,0,1,2,1,0,0,0,0,1,1,0,sad
003/RvdxDMfMtiA.mp4/0555.mp4,0555_0244_0005,2,1,0,1,2,0,0,0,0,0,0,0,sad
003/RvdxDMfMtiA.mp4/0726.mp4,0726_0162_0002,0,0,0,3,2,0,1,0,0,0,0,0,sad
003/RvdxDMfMtiA.mp4/0726.mp4,0726_0162_0002,1,2,0,1,1,0,0,0,0,0,0,0,sad
003/RvdxDMfMtiA.mp4/0732.mp4,0732_0129_0002,1,2,4,1,1,0,0,0,0,0,0,0,sad
003/rXFlJbXyZyc.mp4/0134.mp4,0134_0196_0002,1,1,1,1,1,0,0,0,0,0,0,0,sad
003/rXFlJbXyZyc.mp4/0270.mp4,0270_0275_0001,1,0,0,1,1,0,1,0,0,0,0,0,sad
003/rXFlJbXyZyc.mp4/0576.mp4,0576_0133_0001,0,1,0,2,2,0,1,0,0,0,0,0,sad
003/sADELCyj10I.mp4/0192.mp4,0192_0147_0001,1,0,0,0,0,0,1,0,0,1,1,0,happy
003/sADELCyj10I.mp4/0289.mp4,0289_0199_0001,0,0,0,0,1,0,0,0,0,2,3,0,happy
003/sADELCyj10I.mp4/0311.mp4,0311_0159_0002,0,0,0,0,0,0,0,0,0,0,1,0,happy
003/sADELCyj10I.mp4/0380.mp4,0380_0105_0005,0,1,0,1,1,0,0,0,0,0,0,0,sad
003/sADELCyj10I.mp4/0593.mp4,0593_0107_0001,0,0,0,0,1,0,0,0,0,2,2,0,happy
003/sADELCyj10I.mp4/0605.mp4,0605_0253_0001,0,1,0,1,2,0,0,0,0,0,0,0,sad
003/sADELCyj10I.mp4/0737.mp4,0737_0134_0001,0,0,0,1,1,0,1,0,0,0,0,0,sad
003/sADELCyj10I.mp4/0920.mp4,0920_0143_0001,0,0,1,0,0,0,3,1,1,0,1,0,happy
003/skiZueh4lfY.mp4/0007.mp4,0007_0123_0003,1,0,0,2,0,0,0,0,0,0,1,0,sad
003/skiZueh4lfY.mp4/0098.mp4,0098_0115_0001,0,0,0,0,0,0,1,0,0,1,2,0,happy
003/skiZueh4lfY.mp4/0268.mp4,0268_0107_0002,0,0,0,2,1,0,0,0,0,2,0,0,sad
003/skiZueh4lfY.mp4/0356.mp4,0356_0120_0002,1,0,0,0,1,0,1,0,0,2,1,0,happy
003/T-Fc9ctuNVI.mp4/0150.mp4,0150_0113_0002,1,0,0,1,1,0,0,0,0,0,0,0,sad
003/T-Fc9ctuNVI.mp4/0177.mp4,0177_0178_0002,0,0,0,2,2,0,1,0,1,0,0,0,sad
003/T-Fc9ctuNVI.mp4/0397.mp4,0397_0143_0001,0,0,0,0,1,0,0,0,0,0,0,0,sad
003/T-Fc9ctuNVI.mp4/0401.mp4,0401_0136_0001,0,0,0,0,1,0,1,0,0,0,0,0,sad
003/T-Fc9ctuNVI.mp4/0504.mp4,0504_0174_0001,0,0,0,2,2,0,1,0,0,0,1,0,sad
003/T-Fc9ctuNVI.mp4/0692.mp4,0692_0117_0002,1,0,0,0,0,0,1,0,0,1,0,0,happy
003/T-Fc9ctuNVI.mp4/0891.mp4,0891_0186_0002,1,0,0,1,1,0,0,0,0,0,0,0,sad
003/t0V4drbYDnc.mp4/0135.mp4,0135_0110_0002,0,0,0,1,1,0,0,0,0,1,0,0,sad
003/t0V4drbYDnc.mp4/0381.mp4,0381_0164_0001,0,0,0,2,2,0,0,0,0,0,0,0,sad
003/t0V4drbYDnc.mp4/0771.mp4,0771_0218_0002,0,0,0,0,0,0,0,0,0,2,2,0,happy
003/t0V4drbYDnc.mp4/0819.mp4,0819_0111_0001,0,0,1,0,0,0,3,1,1,2,2,0,happy
003/t0V4drbYDnc.mp4/0857.mp4,0857_0103_0001,0,0,1,0,1,0,0,0,0,0,0,0,sad
003/t0V4drbYDnc.mp4/0878.mp4,0878_0128_0002,0,1,0,1,1,0,0,0,0,0,0,0,sad
003/TcT4TxCxn_Q.mp4/0094.mp4,0094_0128_0002,0,0,0,0,1,0,0,0,0,2,1,0,happy
003/TcT4TxCxn_Q.mp4/0094.mp4,0094_0128_0002,1,0,1,0,1,0,0,0,0,0,1,0,sad
003/TcT4TxCxn_Q.mp4/0210.mp4,0210_0113_0001,0,0,0,0,0,0,1,0,0,0,3,0,other
003/TcT4TxCxn_Q.mp4/0218.mp4,0218_0127_0001,0,0,0,2,2,0,1,0,0,0,0,0,sad
003/TcT4TxCxn_Q.mp4/0546.mp4,0546_0120_0003,0,0,0,0,0,0,1,0,0,0,1,0,other
003/tNpZtigMc4g.mp4/0011.mp4,0011_0110_0001,0,0,0,0,1,0,0,0,0,0,0,0,sad
003/tNpZtigMc4g.mp4/0067.mp4,0067_0148_0003,0,0,0,0,2,0,1,0,0,0,0,0,sad
003/tNpZtigMc4g.mp4/0083.mp4,0083_0121_0004,1,0,0,0,0,0,1,0,0,1,1,0,happy
003/tNpZtigMc4g.mp4/0083.mp4,0083_0121_0004,2,1,0,0,2,0,1,0,0,0,0,0,sad
003/tNpZtigMc4g.mp4/0113.mp4,0113_0117_0001,0,0,0,0,0,0,1,0,0,1,0,0,happy
003/tNpZtigMc4g.mp4/0241.mp4,0241_0187_0001,0,0,1,0,1,0,0,0,1,0,0,0,sad
003/tNpZtigMc4g.mp4/0247.mp4,0247_0130_0001,0,0,0,0,0,0,0,1,0,1,1,0,happy
003/tNpZtigMc4g.mp4/0260.mp4,0260_0162_0004,0,2,0,2,1,0,0,0,0,0,0,0,sad
003/tNpZtigMc4g.mp4/0472.mp4,0472_0172_0002,0,1,0,1,1,0,0,0,0,0,0,0,sad
003/tNpZtigMc4g.mp4/0635.mp4,0635_0209_0001,0,1,0,1,1,0,0,0,0,0,0,0,sad
003/tNpZtigMc4g.mp4/0655.mp4,0655_0180_0002,1,0,1,0,1,0,1,0,0,1,0,0,sad
003/TzaVHtLXOzY.mp4/0115.mp4,0115_0227_0001,0,2,0,2,2,0,1,0,0,0,0,0,sad
003/U_WzY2k8IBM.mp4/0118.mp4,0118_0158_0002,0,1,0,0,1,0,1,0,0,0,0,0,sad
003/U_WzY2k8IBM.mp4/0118.mp4,0118_0158_0002,1,1,0,1,1,0,0,0,0,0,0,0,sad
003/U_WzY2k8IBM.mp4/0302.mp4,0302_0131_0002,1,0,0,2,2,0,0,0,0,0,1,0,sad
003/U_WzY2k8IBM.mp4/0490.mp4,0490_0200_0002,0,0,0,0,1,0,1,0,0,1,1,0,other
003/U_WzY2k8IBM.mp4/0549.mp4,0549_0181_0001,0,0,1,1,1,0,0,0,0,0,0,0,sad
003/U_WzY2k8IBM.mp4/0682.mp4,0682_0147_0001,0,0,0,0,0,0,0,0,0,2,3,0,happy
003/U_WzY2k8IBM.mp4/0690.mp4,0690_0135_0001,0,1,0,1,1,0,0,0,0,0,0,0,sad
003/u1ltv6r14KQ.mp4/0198.mp4,0198_0202_0002,0,0,0,0,1,0,0,0,0,0,0,0,sad
003/u1ltv6r14KQ.mp4/0421.mp4,0421_0175_0003,0,1,1,1,1,0,0,0,0,0,0,0,sad
003/u1ltv6r14KQ.mp4/0507.mp4,0507_0124_0003,2,0,0,0,0,0,2,0,0,0,1,0,happy
003/u1ltv6r14KQ.mp4/0532.mp4,0532_0181_0001,0,0,4,0,0,0,0,0,0,0,0,0,sad
003/u1ltv6r14KQ.mp4/0697.mp4,0697_0107_0002,0,0,0,2,1,0,1,0,0,0,0,0,sad
003/UgZFdrNT6W0.mp4/0028.mp4,0028_0109_0005,0,1,0,0,1,0,0,0,0,0,0,0,sad
003/UgZFdrNT6W0.mp4/0128.mp4,0128_0102_0001,0,0,4,0,1,0,1,0,0,0,0,0,sad
003/UgZFdrNT6W0.mp4/0156.mp4,0156_0164_0003,2,1,0,0,1,0,0,0,0,0,0,0,sad
003/UgZFdrNT6W0.mp4/0696.mp4,0696_0208_0002,1,0,1,1,1,0,0,0,0,1,1,0,other
003/UgZFdrNT6W0.mp4/0726.mp4,0726_0201_0003,0,1,2,1,2,0,1,0,0,1,0,0,sad
003/UgZFdrNT6W0.mp4/0736.mp4,0736_0156_0004,2,0,0,1,1,0,1,0,0,1,0,0,sad
003/UgZFdrNT6W0.mp4/0762.mp4,0762_0112_0001,0,2,4,2,2,0,0,0,0,1,0,0,sad
003/UIy730JrFIc.mp4/0019.mp4,0019_0176_0002,0,0,0,0,0,0,3,0,0,0,0,0,happy
003/UIy730JrFIc.mp4/0065.mp4,0065_0137_0001,0,0,0,2,2,0,0,0,0,0,0,0,sad
003/UIy730JrFIc.mp4/0294.mp4,0294_0129_0004,1,0,0,0,1,0,0,0,0,0,0,0,sad
003/UIy730JrFIc.mp4/0307.mp4,0307_0195_0002,1,0,0,0,1,0,2,0,0,0,0,0,sad
003/UIy730JrFIc.mp4/0340.mp4,0340_0130_0001,0,0,1,2,0,0,10,0,0,0,0,0,sad
003/UIy730JrFIc.mp4/0379.mp4,0379_0107_0001,0,1,0,1,0,0,1,0,0,0,0,0,sad
003/UIy730JrFIc.mp4/0403.mp4,0403_0193_0002,1,1,0,1,1,0,0,0,0,0,0,0,sad
003/UIy730JrFIc.mp4/0422.mp4,0422_0118_0003,1,0,0,0,1,0,0,0,0,2,2,0,happy
003/UIy730JrFIc.mp4/0463.mp4,0463_0168_0002,1,0,0,2,1,0,2,0,0,0,0,0,sad
003/UIy730JrFIc.mp4/0502.mp4,0502_0138_0002,1,1,0,0,3,0,0,0,0,0,0,0,sad
003/UIy730JrFIc.mp4/0532.mp4,0532_0129_0001,0,1,0,0,1,0,0,0,0,0,0,0,sad
003/UIy730JrFIc.mp4/0534.mp4,0534_0158_0001,0,0,0,1,1,0,0,0,0,0,0,0,sad
003/UIy730JrFIc.mp4/0543.mp4,0543_0128_0005,0,0,0,1,2,0,0,0,1,1,0,0,sad
003/UIy730JrFIc.mp4/0543.mp4,0543_0128_0005,1,1,0,1,1,0,0,0,0,0,0,0,sad
003/UIy730JrFIc.mp4/0600.mp4,0600_0143_0001,0,1,2,0,0,0,0,0,0,1,0,0,sad
003/UIy730JrFIc.mp4/0651.mp4,0651_0132_0002,0,0,0,0,0,0,1,0,0,0,3,0,happy
003/UIy730JrFIc.mp4/0888.mp4,0888_0137_0005,4,0,0,2,3,0,1,0,1,0,0,0,sad
003/UIy730JrFIc.mp4/0946.mp4,0946_0137_0002,0,0,0,0,0,1,0,0,0,3,2,0,happy
003/UIy730JrFIc.mp4/0962.mp4,0962_0153_0008,1,0,0,0,1,0,1,0,0,0,0,0,sad
003/UIy730JrFIc.mp4/1216.mp4,1216_0101_0001,0,0,1,2,2,0,0,0,0,0,0,0,sad
003/UIy730JrFIc.mp4/1262.mp4,1262_0154_0002,0,0,4,2,2,0,2,0,1,0,1,0,sad
003/UIy730JrFIc.mp4/1262.mp4,1262_0154_0002,1,2,0,1,0,0,0,0,0,0,0,0,sad
003/UIy730JrFIc.mp4/1422.mp4,1422_0111_0002,1,0,0,2,1,0,0,0,0,0,0,0,sad
003/UIy730JrFIc.mp4/1627.mp4,1627_0176_0008,5,0,0,0,1,0,1,0,0,3,1,0,happy
003/UIy730JrFIc.mp4/1758.mp4,1758_0221_0002,0,1,0,0,1,0,0,0,0,0,0,0,sad
003/UIy730JrFIc.mp4/1793.mp4,1793_0117_0001,0,3,1,0,2,0,0,0,0,1,0,0,sad
003/UIy730JrFIc.mp4/1816.mp4,1816_0126_0001,0,0,0,1,1,0,0,0,0,0,0,0,sad
003/UIy730JrFIc.mp4/1828.mp4,1828_0186_0002,1,1,0,1,1,0,0,0,0,0,0,0,sad
003/UIy730JrFIc.mp4/1831.mp4,1831_0135_0002,0,1,0,0,1,0,2,0,0,0,0,0,sad
003/UIy730JrFIc.mp4/1907.mp4,1907_0256_0001,0,0,0,1,1,0,0,0,0,0,1,0,sad
003/UIy730JrFIc.mp4/1957.mp4,1957_0272_0002,1,1,0,1,3,0,1,0,1,0,0,0,sad
003/UIy730JrFIc.mp4/2000.mp4,2000_0180_0001,0,0,0,2,1,0,0,0,0,0,1,0,sad
003/UIy730JrFIc.mp4/2010.mp4,2010_0137_0002,1,1,0,0,1,0,0,0,0,0,0,0,sad
003/UIy730JrFIc.mp4/2014.mp4,2014_0133_0002,0,0,0,0,1,0,0,0,0,0,0,0,sad
003/UIy730JrFIc.mp4/2075.mp4,2075_0231_0003,0,1,0,0,1,0,0,0,0,0,0,0,sad
003/UIy730JrFIc.mp4/2091.mp4,2091_0276_0002,0,1,0,1,1,0,0,0,0,1,0,0,sad
003/uNT6HrrnqPU.mp4/0009.mp4,0009_0210_0002,0,0,0,0,0,0,2,0,1,2,0,0,happy
003/uNT6HrrnqPU.mp4/0350.mp4,0350_0179_0002,1,1,0,0,2,0,1,0,0,0,0,0,sad
003/uNT6HrrnqPU.mp4/0352.mp4,0352_0140_0002,0,1,0,1,3,0,0,0,0,0,0,0,sad
003/uNT6HrrnqPU.mp4/0401.mp4,0401_0126_0001,0,0,2,2,3,0,1,0,2,0,0,0,sad
003/uNT6HrrnqPU.mp4/0402.mp4,0402_0134_0002,0,0,0,2,0,0,0,0,0,0,0,0,sad
003/uNT6HrrnqPU.mp4/0402.mp4,0402_0134_0002,1,2,0,2,2,0,0,0,0,0,0,0,sad
003/uNT6HrrnqPU.mp4/0438.mp4,0438_0110_0005,1,1,0,1,2,0,0,0,0,0,0,0,sad
003/uNT6HrrnqPU.mp4/0438.mp4,0438_0110_0005,2,1,1,1,2,0,0,0,0,0,0,0,sad
003/uNT6HrrnqPU.mp4/0483.mp4,0483_0133_0002,1,3,4,1,1,0,0,0,0,0,0,0,sad
003/uNT6HrrnqPU.mp4/0543.mp4,0543_0113_0003,0,2,0,0,1,0,0,0,0,0,0,0,sad
003/uNT6HrrnqPU.mp4/0543.mp4,0543_0113_0003,1,0,0,0,1,0,0,0,0,1,0,0,sad
003/uNT6HrrnqPU.mp4/0543.mp4,0543_0113_0003,2,1,0,0,1,0,0,0,0,0,0,0,sad
003/uNT6HrrnqPU.mp4/0746.mp4,0746_0142_0002,0,0,0,1,1,0,0,0,0,0,0,0,sad
003/uNT6HrrnqPU.mp4/0786.mp4,0786_0113_0002,1,0,0,0,0,0,0,0,0,2,1,0,happy
003/uNT6HrrnqPU.mp4/1027.mp4,1027_0129_0003,0,0,0,1,2,0,1,0,0,0,0,0,sad
003/uNT6HrrnqPU.mp4/1238.mp4,1238_0118_0002,1,1,0,0,1,0,0,0,0,0,0,0,sad
003/uNT6HrrnqPU.mp4/1280.mp4,1280_0179_0002,1,0,0,1,1,0,0,0,0,1,0,0,sad
003/uNT6HrrnqPU.mp4/1282.mp4,1282_0167_0002,0,0,0,0,0,0,1,0,1,1,0,0,happy
003/uNT6HrrnqPU.mp4/1426.mp4,1426_0107_0001,0,1,0,2,0,0,0,0,1,0,1,0,sad
003/uNT6HrrnqPU.mp4/1507.mp4,1507_0208_0001,0,0,0,1,1,0,2,0,0,3,2,0,happy
003/uNT6HrrnqPU.mp4/1571.mp4,1571_0188_0002,1,1,0,1,1,0,0,0,0,0,0,0,sad
003/uNT6HrrnqPU.mp4/1579.mp4,1579_0124_0002,0,2,0,1,1,0,0,0,0,0,0,0,sad
003/uNT6HrrnqPU.mp4/1687.mp4,1687_0200_0002,1,1,0,1,1,0,0,0,0,1,0,0,sad
003/uNT6HrrnqPU.mp4/1749.mp4,1749_0107_0002,0,0,0,0,0,0,0,0,0,1,1,0,happy
003/uNT6HrrnqPU.mp4/1791.mp4,1791_0232_0002,0,2,0,1,1,0,0,0,0,0,0,0,sad
003/uwW0ejeosmk.mp4/0077.mp4,0077_0160_0002,1,0,0,0,1,0,1,0,0,1,1,0,happy
003/uwW0ejeosmk.mp4/0368.mp4,0368_0126_0002,1,0,0,0,1,0,0,0,0,0,0,0,sad
003/uzPI7FcF79U.mp4/0026.mp4,0026_0107_0005,1,2,0,1,1,0,1,0,0,0,0,0,sad
003/uzPI7FcF79U.mp4/0284.mp4,0284_0145_0002,1,2,0,2,0,0,1,0,1,1,0,0,sad
003/uzPI7FcF79U.mp4/0460.mp4,0460_0198_0003,2,4,0,1,1,0,0,0,0,1,0,0,sad
003/uzPI7FcF79U.mp4/0475.mp4,0475_0273_0001,0,2,3,2,2,0,0,0,0,0,0,0,sad
003/uzPI7FcF79U.mp4/0642.mp4,0642_0105_0002,1,0,2,2,1,0,0,0,1,0,0,0,sad
003/uzPI7FcF79U.mp4/0680.mp4,0680_0223_0002,0,3,0,1,1,0,0,0,0,0,0,0,sad
003/uzPI7FcF79U.mp4/0680.mp4,0680_0223_0002,1,3,0,2,0,0,2,0,0,0,0,0,sad
003/vfjywN5CN0Y.mp4/0016.mp4,0016_0239_0002,0,0,1,0,0,0,3,1,2,3,2,0,happy
003/vfjywN5CN0Y.mp4/0027.mp4,0027_0156_0002,1,0,0,0,0,0,1,0,0,2,1,0,happy
003/vfjywN5CN0Y.mp4/0066.mp4,0066_0200_0002,0,0,0,0,0,0,0,0,0,2,1,0,happy
003/vfjywN5CN0Y.mp4/0331.mp4,0331_0225_0002,0,0,0,1,1,0,0,0,0,0,0,0,sad
003/vfjywN5CN0Y.mp4/0501.mp4,0501_0136_0002,1,0,0,2,2,0,0,0,0,0,0,0,sad
003/vfjywN5CN0Y.mp4/0797.mp4,0797_0191_0001,0,3,3,3,3,0,0,0,0,0,0,0,sad
003/vfjywN5CN0Y.mp4/0932.mp4,0932_0192_0001,0,2,0,2,2,0,1,0,0,0,1,0,sad
003/Vmef_8MY46w.mp4/0484.mp4,0484_0190_0003,2,2,0,0,1,0,0,0,0,0,0,0,sad
003/Vmef_8MY46w.mp4/0607.mp4,0607_0146_0003,1,0,0,1,0,0,1,0,1,0,0,0,sad
003/Vmef_8MY46w.mp4/0831.mp4,0831_0168_0002,1,0,0,1,2,0,0,0,0,0,0,0,sad
003/Vmef_8MY46w.mp4/0966.mp4,0966_0141_0002,0,4,0,0,1,0,0,0,0,0,1,0,sad
003/Vmef_8MY46w.mp4/1055.mp4,1055_0257_0002,1,0,1,1,1,0,0,0,0,0,0,0,happy
003/VMNmRlhFT-o.mp4/0069.mp4,0069_0114_0002,1,1,0,0,1,0,0,0,0,0,0,0,sad
003/VMNmRlhFT-o.mp4/0100.mp4,0100_0149_0001,1,0,2,1,1,0,1,0,0,1,0,0,sad
003/VMNmRlhFT-o.mp4/0109.mp4,0109_0132_0001,0,0,0,2,0,0,1,0,0,0,1,0,sad
003/VMNmRlhFT-o.mp4/0425.mp4,0425_0181_0001,0,0,0,2,3,0,0,0,0,0,0,0,sad
003/WlgxRNCHQzw.mp4/0091.mp4,0091_0109_0001,0,0,0,2,2,0,1,0,0,1,0,0,sad
003/WlgxRNCHQzw.mp4/0178.mp4,0178_0102_0003,0,0,0,0,1,0,0,0,0,0,0,0,sad
003/WlgxRNCHQzw.mp4/0379.mp4,0379_0237_0002,0,1,0,2,0,0,0,0,0,0,0,0,sad
003/WlgxRNCHQzw.mp4/0417.mp4,0417_0133_0001,0,0,0,0,1,0,1,0,0,0,2,0,happy
003/WlgxRNCHQzw.mp4/0464.mp4,0464_0190_0002,1,0,0,0,0,0,3,0,0,2,0,0,happy
003/WlgxRNCHQzw.mp4/0713.mp4,0713_0101_0001,0,0,4,1,1,0,0,0,0,0,0,0,sad
003/WlgxRNCHQzw.mp4/0765.mp4,0765_0107_0002,0,0,0,1,1,0,0,0,0,0,0,0,sad
003/WlgxRNCHQzw.mp4/0809.mp4,0809_0107_0001,0,1,0,0,1,0,0,0,0,0,0,0,sad
003/WlgxRNCHQzw.mp4/0891.mp4,0891_0110_0002,1,0,0,1,2,0,0,0,0,0,0,0,sad
003/WlgxRNCHQzw.mp4/0913.mp4,0913_0153_0001,0,0,0,2,1,0,0,0,0,0,1,0,sad
003/WlgxRNCHQzw.mp4/0948.mp4,0948_0135_0002,1,0,0,0,0,0,2,1,0,0,1,0,happy
003/WlgxRNCHQzw.mp4/1014.mp4,1014_0136_0001,0,0,0,0,0,0,0,0,0,3,1,0,happy
003/WlgxRNCHQzw.mp4/1092.mp4,1092_0105_0001,0,1,0,1,1,0,0,0,0,1,0,0,sad
003/WlgxRNCHQzw.mp4/1128.mp4,1128_0203_0001,0,0,0,1,2,0,0,0,0,1,0,0,sad
003/WlgxRNCHQzw.mp4/1200.mp4,1200_0129_0003,0,0,0,2,1,0,0,0,0,0,0,0,sad
003/WlgxRNCHQzw.mp4/1295.mp4,1295_0100_0001,0,0,1,1,4,0,1,0,0,0,0,0,sad
003/WlgxRNCHQzw.mp4/1317.mp4,1317_0102_0001,0,0,0,1,0,0,2,0,2,0,0,0,sad
003/WlgxRNCHQzw.mp4/1321.mp4,1321_0112_0001,0,0,1,2,1,0,0,0,0,0,0,0,sad
003/WlgxRNCHQzw.mp4/1357.mp4,1357_0157_0002,0,0,0,0,1,0,2,0,0,0,0,0,sad
003/WlgxRNCHQzw.mp4/1383.mp4,1383_0170_0002,1,0,0,1,1,0,0,0,0,0,0,0,sad
003/WlgxRNCHQzw.mp4/1449.mp4,1449_0171_0002,0,0,0,1,1,0,0,0,0,1,0,0,sad
003/WlgxRNCHQzw.mp4/1635.mp4,1635_0136_0003,0,1,0,0,1,0,0,0,0,0,0,0,sad
003/WlgxRNCHQzw.mp4/1940.mp4,1940_0140_0002,1,0,0,0,0,0,0,0,0,2,0,0,happy
003/WlgxRNCHQzw.mp4/1970.mp4,1970_0207_0002,1,1,0,0,2,0,2,0,0,0,0,0,sad
003/WVde9pyaHg4.mp4/0066.mp4,0066_0111_0002,0,0,0,0,0,0,2,0,0,2,0,0,happy
003/WVde9pyaHg4.mp4/0237.mp4,0237_0187_0001,0,0,0,1,1,0,0,0,0,0,0,0,sad
003/WVde9pyaHg4.mp4/0343.mp4,0343_0233_0001,0,4,0,4,4,0,0,0,0,0,0,0,sad
003/WwoTG3_OjUg.mp4/0013.mp4,0013_0115_0001,0,1,2,1,2,0,1,0,0,1,0,0,sad
003/WwoTG3_OjUg.mp4/0120.mp4,0120_0207_0001,0,0,0,2,1,0,1,0,0,0,0,0,sad
003/WwoTG3_OjUg.mp4/0207.mp4,0207_0102_0001,0,0,0,0,1,0,2,0,0,2,0,0,happy
003/xp67EC-Hvwk.mp4/0199.mp4,0199_0204_0003,2,1,0,0,1,0,0,0,0,0,0,0,sad
003/xp67EC-Hvwk.mp4/0210.mp4,0210_0280_0003,0,0,0,0,0,0,0,0,0,2,1,0,happy
003/xp67EC-Hvwk.mp4/0213.mp4,0213_0111_0001,0,0,2,1,2,0,0,0,1,0,0,0,sad
003/xp67EC-Hvwk.mp4/0219.mp4,0219_0124_0001,0,0,0,1,0,0,1,0,0,0,0,0,sad
003/xp67EC-Hvwk.mp4/0306.mp4,0306_0114_0004,3,1,0,0,1,0,0,0,0,0,0,0,sad
003/xp67EC-Hvwk.mp4/0431.mp4,0431_0163_0002,1,2,2,1,0,0,0,0,0,0,1,0,sad
003/xp67EC-Hvwk.mp4/0551.mp4,0551_0110_0001,0,0,1,0,3,0,0,0,0,0,0,0,sad
003/xp67EC-Hvwk.mp4/0882.mp4,0882_0178_0001,0,0,0,2,1,0,0,0,0,0,1,0,sad
003/yn9WN9lsHRE.mp4/0263.mp4,0263_0154_0003,0,0,0,1,1,0,0,0,0,0,0,0,sad
003/yn9WN9lsHRE.mp4/0263.mp4,0263_0154_0003,2,4,0,0,0,0,0,0,0,0,0,0,sad
003/yn9WN9lsHRE.mp4/0350.mp4,0350_0215_0001,0,0,0,1,1,0,0,0,0,1,0,0,sad
003/yn9WN9lsHRE.mp4/0368.mp4,0368_0105_0007,5,1,1,1,3,0,0,0,0,0,0,0,sad
003/yn9WN9lsHRE.mp4/0703.mp4,0703_0109_0002,0,0,0,0,1,0,0,0,0,0,0,0,sad
003/yn9WN9lsHRE.mp4/0703.mp4,0703_0109_0002,1,1,1,0,0,0,0,0,1,0,0,0,sad
003/yo-Kg2YxlZs.mp4/0207.mp4,0207_0123_0002,0,1,0,1,1,0,2,0,0,0,0,0,sad
003/yo-Kg2YxlZs.mp4/0233.mp4,0233_0179_0004,3,0,0,2,1,0,0,0,0,0,1,0,sad
003/yo-Kg2YxlZs.mp4/0242.mp4,0242_0119_0001,0,0,0,1,1,0,0,0,0,0,0,0,sad
003/yo-Kg2YxlZs.mp4/0330.mp4,0330_0182_0001,0,3,2,1,2,0,1,0,0,0,0,0,sad
003/yo-Kg2YxlZs.mp4/0422.mp4,0422_0224_0001,0,0,0,1,1,0,0,0,0,1,0,0,sad
003/yo-Kg2YxlZs.mp4/0442.mp4,0442_0190_0003,2,1,0,1,0,0,0,0,0,0,0,0,sad
003/yo-Kg2YxlZs.mp4/0663.mp4,0663_0110_0002,1,2,2,2,2,0,1,1,1,1,1,1,sad
003/yo-Kg2YxlZs.mp4/0670.mp4,0670_0277_0002,0,2,0,1,1,0,0,0,0,0,0,0,sad
003/yo-Kg2YxlZs.mp4/0700.mp4,0700_0219_0002,0,2,0,3,3,0,0,0,0,0,0,0,sad
003/yo-Kg2YxlZs.mp4/0755.mp4,0755_0101_0001,0,1,0,1,1,0,0,0,0,0,0,0,sad
003/YYWdB7h1INo.mp4/0030.mp4,0030_0126_0002,1,1,0,0,1,0,0,0,0,0,0,0,sad
003/YYWdB7h1INo.mp4/0058.mp4,0058_0185_0003,2,1,1,1,1,0,0,0,0,0,1,0,sad
003/YYWdB7h1INo.mp4/0143.mp4,0143_0112_0001,0,1,0,0,1,0,0,0,0,0,0,0,sad
003/YYWdB7h1INo.mp4/0571.mp4,0571_0165_0002,0,0,1,2,2,0,1,0,1,1,0,0,sad
